﻿<?xml version="1.0" encoding="utf-8" ?>
<Defs>

  <ThingDef ParentName="BuildingBase">
    <defName>DrillTurret</defName>
    <label>drill turret</label>
    <description>An advanced automated turret. Can slowly drill nearby ores and designated rocks in automated mode. Drilling efficiency can be greatly improved by operating it.</description>
    <thingClass>DrillTurret.Building_DrillTurret</thingClass>
    <graphicData>
      <texPath>Things/Building/Security/TurretMini_Base</texPath>
      <graphicClass>Graphic_Single</graphicClass>
      <drawSize>(6,6)</drawSize>
      <damageData>
        <rect>(0.2,0.2,0.6,0.6)</rect>
      </damageData>
      <shadowData>
        <volume>(1.0,0.35,1.0)</volume>
      </shadowData>
    </graphicData>
    <size>(3,3)</size>
    <uiIconPath>Things/Building/MenuIcon_DrillTurret</uiIconPath>
    <uiIconScale>1.2</uiIconScale>
    <minifiedDef>MinifiedThing</minifiedDef>
    <thingCategories>
      <li>BuildingsProduction</li>
    </thingCategories>
    <altitudeLayer>Building</altitudeLayer>
    <stealable>false</stealable>
    <rotatable>true</rotatable>
    <statBases>
      <MaxHitPoints>250</MaxHitPoints>
      <Flammability>1.0</Flammability>
      <WorkToBuild>10000</WorkToBuild>
      <Mass>150</Mass>
      <Beauty>-20</Beauty>
    </statBases>
    <tickerType>Normal</tickerType>
    <hasInteractionCell>true</hasInteractionCell>
    <interactionCellOffset>(0,0,-2)</interactionCellOffset>
    <comps>
      <li Class="CompProperties_Forbiddable"/>
      <li Class="CompProperties_Power">
        <compClass>CompPowerTrader</compClass>
        <basePowerConsumption>1500</basePowerConsumption>
      </li>
      <li Class="CompProperties_Flickable"/>
    </comps>
    <passability>PassThroughOnly</passability>
    <pathCost>50</pathCost>
    <fillPercent>0.6</fillPercent>
    <castEdgeShadows>false</castEdgeShadows>
    <hasTooltip>true</hasTooltip>
    <costList>
      <Steel>150</Steel>
      <ComponentIndustrial>4</ComponentIndustrial>
    </costList>
    <terrainAffordanceNeeded>Light</terrainAffordanceNeeded>
    <designationCategory>Production</designationCategory>
    <specialDisplayRadius>15</specialDisplayRadius>
    <researchPrerequisites>
      <li>ResearchDrillTurret</li>
    </researchPrerequisites>
  </ThingDef>
  
</Defs>