﻿<?xml version="1.0" encoding="utf-8" ?>
<Defs>

  <EffecterDef>
    <defName>LaserDrill</defName>
    <children>
      <li>
        <subEffecterClass>SubEffecter_Sustainer</subEffecterClass>
        <soundDef>Recipe_Smelt</soundDef>
      </li>
      <li>
        <subEffecterClass>SubEffecter_SprayerChance</subEffecterClass>
        <fleckDef>SparkFlash</fleckDef>
        <spawnLocType>BetweenTouchingCells</spawnLocType>
        <positionLerpFactor>0.49</positionLerpFactor>
        <chancePerTick>0.2</chancePerTick>
        <scale>
          <min>2.5</min>
          <max>3.5</max>
        </scale>
      </li>
      <li>
        <subEffecterClass>SubEffecter_SprayerChance</subEffecterClass>
        <moteDef>Mote_SparkThrown</moteDef>
        <spawnLocType>BetweenTouchingCells</spawnLocType>
        <positionLerpFactor>0.49</positionLerpFactor>
        <chancePerTick>0.2</chancePerTick>
        <scale>0.24~0.34</scale>
        <airTime>0.08~0.16</airTime>
        <rotationRate>-240~240</rotationRate>
        <speed>7.2~24</speed>
        <angle>-45~45</angle>
        <positionRadius>0.02</positionRadius>
      </li>
    </children>
  </EffecterDef>

</Defs>